{"stats":{"minecraft:killed":{"minecraft:sheep":1},"minecraft:mined":{"minecraft:grass":1},"minecraft:picked_up":{"minecraft:mutton":1,"minecraft:white_wool":1},"minecraft:custom":{"minecraft:jump":26,"minecraft:time_since_rest":3606,"minecraft:damage_dealt":80,"minecraft:leave_game":1,"minecraft:sprint_one_cm":5262,"minecraft:play_time":3606,"minecraft:time_since_death":3606,"minecraft:walk_one_cm":1875,"minecraft:total_world_time":3606,"minecraft:mob_kills":1,"minecraft:fall_one_cm":476,"minecraft:fly_one_cm":7946}},"DataVersion":3465}